{"Concurso Procuradur\u00eda": {"PRUEBA": {"progreso_por_doc": {"Concurso Procuradur\u00eda/ley_1437_2011.pdf": 2.406288433773595, "Concurso Procuradur\u00eda/\ud83d\udcda Todas las fuentes (Estudio Global)": 5.59674228141871, "Concurso Procuradur\u00eda/9._Ley_1952_de_2019_Codigo_General_Disciplinario.pdf": 8.25587084148728, "Concurso Procuradur\u00eda/Ley_80_de_1993.pdf": 10.691516743443197}}}}